Neighbourhoods,Bachelor,1 Bedroom,2 Bedroom,3 Bedroom +,Total,Year
Agincourt/Malvern,,1107,1251,1361,1239,2016
Ajax/Pickering,,946,1212,1302,1270,2016
Alderwood,,1036,1264,,1245,2016
Aurora,,1076,1270,,1286,2016
Banbury-Don Mills/York Mills,881,1097,1253,1565,1218,2016
Bathurst Manor,797,1101,1259,1435,1237,2016
Bay Street Corridor,1450,1728,2885,,2027,2016
Bayview Village,,1325,1571,,1499,2016
Bayview Woods-Steeles/Hillcrest Village,,1401,1662,1709,1614,2016
Bedford Park-Nortown,889,1086,1417,1988,1271,2016
Beechborough-Greenbrook,776,897,1109,,1001,2016
Bendale,866,1028,1119,1261,1136,2016
Birchcliffe-Cliffside,877,1121,1380,,1237,2016
Black Creek,918,981,1142,1367,1145,2016
Bradford/West Gwillimbury/New Tecumseth,827,920,1089,1338,1023,2016
Brampton (East),835,1170,1314,1405,1280,2016
Brampton (West),771,1024,1184,1404,1143,2016
Briar Hill-Belgravia,742,1020,1248,1428,1121,2016
Broadview North,889,1099,1326,,1137,2016
Bronte,,1253,1485,1784,1408,2016
Brookhaven-Amesbury,748,945,1122,1402,1092,2016
Cabbagetown-South St. James Town,953,1252,1778,,1298,2016
Caledon,,,,,,2016
Caledonia-Fairbank,769,927,1108,,1001,2016
Casa Loma,1029,1382,2106,3240,1763,2016
Churchill Meadows/Erin Mills,855,991,1203,1600,1301,2016
Church-Yonge Corridor,1073,1362,1780,,1349,2016
Clairlea-Birchmount,889,948,1153,,1020,2016
Clanton Park,891,1112,1321,,1205,2016
Clarkson/Lorne Park,894,1089,1243,1366,1193,2016
Cliffcrest,837,1008,1131,1363,1101,2016
Cooksville,898,1051,1229,1241,1152,2016
Crescent Town,796,979,1195,1480,1069,2016
Danforth Village-East York,761,990,1147,,1037,2016
Don Valley Village/Pleasant View,848,1123,1299,1446,1288,2016
Dorset Park,770,910,1044,1326,1005,2016
Dovercourt/Davenport/Junction,,,1402,,,2016
Downsview,760,944,1109,1269,1056,2016
Dufferin Grove/Little Portugal,866,1322,1651,,1296,2016
East End-Danforth,892,1053,1194,,1100,2016
East Gwillimbury/Newmarket,738,1069,1148,,1094,2016
Edenbridge-Humber Valley,,1044,1235,1640,1217,2016
Eglinton East,892,939,1108,1265,1087,2016
Elms-Old Rexdale,,,1168,,1162,2016
Englemount-Lawrence,824,1001,1193,1579,1161,2016
Eringate-Centennial-West Deane,,,1195,,1189,2016
Etobicoke West Mall,1036,1076,1302,1500,1286,2016
Flemingdon Park,,1014,1204,1431,1155,2016
Forest Hill North,913,1146,1461,2049,1327,2016
Forest Hill South,930,1185,1442,,1253,2016
Georgina,,805,959,,952,2016
Guildwood,,,,,,2016
Henry Farm,,1248,1422,1615,1396,2016
High Park North/Junction,1043,1367,1741,2253,1465,2016
High Park-Swansea,700,1130,1333,,1172,2016
Humber Heights-Westmount,,1126,1313,1482,1301,2016
Humewood-Cedarvale,852,1246,1641,,1386,2016
Ionview,843,988,1131,1386,1069,2016
Islington/City Centre North,1139,1248,1407,1522,1337,2016
Islington/City Centre South,991,,1295,,1208,2016
Keelesdale-Eglinton West,,892,982,,914,2016
Kennedy Park,,932,1095,1156,1031,2016
Kensington-Chinatown,,,,,,2016
Kingsview Village-The Westway,1142,1095,1302,1489,1278,2016
Kingsway South,,1139,,,,2016
Lambton Baby Point,739,978,,,,2016
L'Amoreaux/Steeles/Milliken,,1060,1244,1422,1185,2016
Lansing-Westgate,792,1237,1435,1578,1358,2016
Lawrence Park North,1015,1248,1683,,1417,2016
Lawrence Park South,984,1261,1752,,1469,2016
Leaside-Bennington,909,1138,1537,,1283,2016
Little Italy/Trinity-Bellwoods,787,956,1479,,1339,2016
Long Branch,747,916,1016,,945,2016
Malton,,871,1150,1227,1105,2016
Maple Leaf,710,1020,1192,,1129,2016
Markham,,1149,1271,1362,1228,2016
Meadowvale,,1281,1448,1548,1418,2016
Milton/Halton Hills,710,1016,1184,1528,1123,2016
Mimico,814,982,1240,1564,1041,2016
Mississauga Centre/Streetsville,850,1158,1322,1579,1305,2016
Moore Park,1096,1458,1953,,1657,2016
Morningside,,948,1067,1279,1043,2016
Moss Park/Regent Park,827,1111,1524,1885,1146,2016
Mount Dennis,808,999,1125,,1078,2016
Mount Olive-Silverstone-Jamestown/Thistletown,,1015,1180,1327,1202,2016
Mount Pleasant East,950,1272,1601,2048,1348,2016
Mount Pleasant West,1056,1323,1650,2210,1358,2016
New Toronto,,886,1095,,950,2016
North St. James Town,943,1129,1330,1587,1174,2016
Oakridge,,,,,,2016
Oakville (excl. Bronte),981,1202,1393,1626,1363,2016
Oakwood-Vaughan,779,973,1160,,1002,2016
O'Connor-Parkview,749,945,1149,1391,1051,2016
Old East York,716,981,1227,,1054,2016
Orangeville/Mono,,967,1097,1110,1041,2016
Parkwoods-Donalda,853,1071,1254,1479,1262,2016
Playter Estates-Danforth,880,1150,1505,,1189,2016
Port Credit,910,1059,1219,1515,1160,2016
Princess-Rosethorn,,,,,,2016
Rexdale-Kipling,678,888,1029,1163,1035,2016
Richmond Hill/Vaughan/King,909,1134,1322,1488,1243,2016
Riverdale,972,1164,,,1167,2016
Rockcliffe-Smythe,764,918,1118,1222,1034,2016
Roncesvalles,,1156,,,1202,2016
Rosedale,,1394,1859,,1700,2016
Rouge,,,1111,1247,1112,2016
Rustic/Pelmo Park/Humberlea,,959,1092,1331,1067,2016
Scarborough Village,,979,1077,1296,1077,2016
South Parkdale/King West,804,986,1165,,977,2016
St. Andrew-Windfields,851,1146,1380,1732,1373,2016
Stonegate-Queensway,872,983,1074,,1042,2016
Tam O'Shanter-Sullivan,867,1041,1183,1391,1149,2016
The Beaches,888,1152,1447,1961,1228,2016
Thorncliffe Park,807,1042,1324,1694,1231,2016
University/Annex,1063,1340,1986,2737,1473,2016
Uxbridge,,1049,1207,,1143,2016
Victoria Village,836,1009,1191,1408,1094,2016
Waterfront Communities -The Island,,1697,2352,,1981,2016
West Hill,778,967,1064,1185,1068,2016
West Humber-Clairville,858,981,1096,,1180,2016
Westminster-Branson,883,1133,1353,1526,1324,2016
Weston,762,968,1162,,1044,2016
Wexford-Maryvale,807,982,1170,1280,1069,2016
Whitchurch/Stouffville,,1112,1179,,1153,2016
Willowdale East/Newtonbrook East,,1383,1714,2265,1592,2016
Willowdale West/Newtonbrook West,,1204,1397,1564,1325,2016
Willowridge-Martingrove-Richview,,1107,1477,1652,1449,2016
Woburn,828,985,1118,1239,1092,2016
Woodbine Corridor/Greenwood-Coxwell,,,,,,2016
Woodbine-Lumsden,,1019,,,1094,2016
Wychwood,,1298,,,1236,2016
Yonge-Eglinton,1015,1290,1616,,1320,2016
Yonge-St. Clair,1030,1327,1773,,1566,2016
Yorkdale-Glen Park,,1019,1212,1349,1123,2016
Toronto,957,1132,1326,1525,1240,2016
Agincourt/Malvern,,,,1560,1320,2017
Ajax/Pickering,,969,1105,1313,1193,2017
Alderwood,,997,1361,,1288,2017
Aurora,,1200,1402,,1369,2017
Banbury-Don Mills/York Mills,734,1055,1161,1245,1090,2017
Bathurst Manor,845,1153,1312,1496,1290,2017
Bay Street Corridor,1498,1900,2782,,2112,2017
Bayview Village,,1370,1614,,1539,2017
Bayview Woods-Steeles/Hillcrest Village,,,,,,2017
Bedford Park-Nortown,848,1049,1355,,1198,2017
Beechborough-Greenbrook,740,937,1176,,1053,2017
Bendale,896,1067,1165,1325,1192,2017
Birchcliffe-Cliffside,914,1117,1358,,1225,2017
Black Creek,931,1023,1176,1397,1184,2017
Bradford/West Gwillimbury/New Tecumseth,876,938,1127,,1057,2017
Brampton (East),,1237,1358,1458,1340,2017
Brampton (West),834,1059,1219,1421,1183,2017
Briar Hill-Belgravia,762,1024,1301,,1130,2017
Broadview North,892,1155,1375,1427,1199,2017
Bronte,,1339,1540,,1471,2017
Brookhaven-Amesbury,818,1020,1219,1446,1180,2017
Cabbagetown-South St. James Town,1021,1448,1813,,1466,2017
Caledon,,,,,,2017
Caledonia-Fairbank,843,1000,1224,,1087,2017
Casa Loma,1031,1419,2075,3187,1821,2017
Churchill Meadows/Erin Mills,978,1084,1249,1759,1391,2017
Church-Yonge Corridor,1171,1486,1947,,1489,2017
Clairlea-Birchmount,880,961,1180,,1036,2017
Clanton Park,885,1078,1252,,1140,2017
Clarkson/Lorne Park,905,1147,1282,1349,1237,2017
Cliffcrest,,1057,1183,1325,1146,2017
Cooksville,925,1086,1257,1412,1183,2017
Crescent Town,832,1037,1264,1487,1129,2017
Danforth Village-East York,822,1010,1199,,1059,2017
Don Valley Village/Pleasant View,910,1214,1359,1560,1368,2017
Dorset Park,883,989,1152,1373,1124,2017
Dovercourt/Davenport/Junction,1074,1216,1357,,1262,2017
Downsview,798,997,1169,1368,1124,2017
Dufferin Grove/Little Portugal,813,1184,,,1161,2017
East End-Danforth,940,1033,1230,,1141,2017
East Gwillimbury/Newmarket,763,1155,1260,,1192,2017
Edenbridge-Humber Valley,,1041,1253,,1218,2017
Eglinton East,914,984,1136,1399,1127,2017
Elms-Old Rexdale,,,1257,1441,1281,2017
Englemount-Lawrence,905,1059,1249,1629,1217,2017
Eringate-Centennial-West Deane,,,1203,,1212,2017
Etobicoke West Mall,,1081,1317,1471,1298,2017
Flemingdon Park,,1038,1236,1403,1169,2017
Forest Hill North,958,1190,1541,2008,1356,2017
Forest Hill South,970,1168,1577,,1264,2017
Georgina,,798,1001,,958,2017
Guildwood,,,,,,2017
Henry Farm,,1257,1429,1635,1417,2017
High Park North/Junction,1064,1388,1808,2552,1504,2017
High Park-Swansea,,1161,1390,,1224,2017
Humber Heights-Westmount,,1239,1369,1514,1353,2017
Humewood-Cedarvale,941,1343,2091,2956,1593,2017
Ionview,935,1044,1192,1456,1131,2017
Islington/City Centre North,1223,1261,1428,1506,1359,2017
Islington/City Centre South,1023,,1341,,1251,2017
Keelesdale-Eglinton West,773,897,1046,,930,2017
Kennedy Park,709,961,1095,1251,1046,2017
Kensington-Chinatown,,,,,,2017
Kingsview Village-The Westway,1107,1140,1317,1529,1299,2017
Kingsway South,,,,,,2017
Lambton Baby Point,773,1059,,,1290,2017
L'Amoreaux/Steeles/Milliken,,1078,1258,1412,1193,2017
Lansing-Westgate,872,1337,1537,1616,1452,2017
Lawrence Park North,1098,1318,1702,,1459,2017
Lawrence Park South,996,1291,1762,,1393,2017
Leaside-Bennington,897,1180,1593,,1324,2017
Little Italy/Trinity-Bellwoods,852,,1487,,1350,2017
Long Branch,,941,1075,,997,2017
Malton,,864,1116,,1083,2017
Maple Leaf,,1092,1263,,1213,2017
Markham,,1234,1394,1544,1339,2017
Meadowvale,,1294,1527,1635,1466,2017
Milton/Halton Hills,700,1036,1202,1594,1139,2017
Mimico,837,1075,1320,1595,1113,2017
Mississauga Centre/Streetsville,899,1189,1373,1614,1347,2017
Moore Park,,1497,2025,,1737,2017
Morningside,,1022,1085,1344,1083,2017
Moss Park/Regent Park,878,1122,1552,,1248,2017
Mount Dennis,,1123,1243,,1201,2017
Mount Olive-Silverstone-Jamestown/Thistletown,,1112,1352,1467,1371,2017
Mount Pleasant East,1012,1378,1894,2007,1502,2017
Mount Pleasant West,1100,1377,1762,2097,1428,2017
New Toronto,801,821,1045,,888,2017
North St. James Town,1041,1269,1390,,1262,2017
Oakridge,,,,,,2017
Oakville (excl. Bronte),980,1238,1434,1761,1411,2017
Oakwood-Vaughan,802,1034,1186,,1072,2017
O'Connor-Parkview,762,997,1226,1449,1144,2017
Old East York,713,1065,1269,,1135,2017
Orangeville/Mono,,1078,1190,1152,1131,2017
Parkwoods-Donalda,937,1225,1473,1638,1444,2017
Playter Estates-Danforth,930,1189,1536,,1228,2017
Port Credit,915,1104,1255,1551,1193,2017
Princess-Rosethorn,,,,,,2017
Rexdale-Kipling,,887,1028,1180,1041,2017
Richmond Hill/Vaughan/King,939,1153,1388,1631,1290,2017
Riverdale,,,2027,,1801,2017
Rockcliffe-Smythe,806,977,1174,1201,1079,2017
Roncesvalles,,,,,923,2017
Rosedale,,1491,1807,,1567,2017
Rouge,,,1135,1265,1141,2017
Rustic/Pelmo Park/Humberlea,,1022,1177,,1127,2017
Scarborough Village,,1089,1193,1320,1189,2017
South Parkdale/King West,850,1044,1248,,1034,2017
St. Andrew-Windfields,889,1206,1428,1852,1447,2017
Stonegate-Queensway,896,1051,1160,,1107,2017
Tam O'Shanter-Sullivan,885,1063,1212,1416,1174,2017
The Beaches,880,1176,1472,,1209,2017
Thorncliffe Park,915,1101,1430,1786,1314,2017
University/Annex,1076,1353,1957,,1484,2017
Uxbridge,,1086,1355,1302,1227,2017
Victoria Village,874,1076,1281,1542,1178,2017
Waterfront Communities -The Island,,1883,2805,,2276,2017
West Hill,,1027,1202,1378,1213,2017
West Humber-Clairville,815,1038,1153,,1169,2017
Westminster-Branson,943,1177,1392,1563,1359,2017
Weston,851,1036,1220,,1117,2017
Wexford-Maryvale,872,1006,1139,1254,1071,2017
Whitchurch/Stouffville,,1116,1167,,1153,2017
Willowdale East/Newtonbrook East,,1454,1815,2362,1667,2017
Willowdale West/Newtonbrook West,,1216,1396,1609,1342,2017
Willowridge-Martingrove-Richview,,1217,1630,1863,1601,2017
Woburn,846,1017,1174,1280,1140,2017
Woodbine Corridor/Greenwood-Coxwell,,,,,1007,2017
Woodbine-Lumsden,,1008,,,1114,2017
Wychwood,,1160,,,1168,2017
Yonge-Eglinton,1076,1316,1840,,1416,2017
Yonge-St. Clair,1110,1358,1735,,1474,2017
Yorkdale-Glen Park,,1033,1233,1235,1137,2017
Toronto,1013,1194,1403,1589,1308,2017
Agincourt/Malvern,,1105,1316,1569,1341,2018
Ajax/Pickering,,953,1248,1397,1283,2018
Alderwood,,1169,1462,,1435,2018
Aurora,,1127,1347,,1298,2018
Banbury-Don Mills/York Mills,,1163,1335,1643,1286,2018
Bathurst Manor,,1216,1346,1567,1342,2018
Bay Street Corridor,1615,2013,3114,,2301,2018
Bayview Village,1072,1381,1671,,1666,2018
Bayview Woods-Steeles/Hillcrest Village,,1389,1609,1690,1580,2018
Bedford Park-Nortown,947,1125,1459,1912,1277,2018
Beechborough-Greenbrook,875,1022,1137,,1081,2018
Bendale,1032,1070,1173,1362,1217,2018
Birchcliffe-Cliffside,943,1193,1424,,1301,2018
Black Creek,1108,1145,1293,1449,1284,2018
Bradford/West Gwillimbury/New Tecumseth,951,977,1181,1436,1127,2018
Brampton (East),893,1240,1398,1498,1359,2018
Brampton (West),818,1111,1279,1577,1244,2018
Briar Hill-Belgravia,864,1138,1367,,1238,2018
Broadview North,993,1205,1424,1714,1243,2018
Bronte,,1356,1580,1832,1503,2018
Brookhaven-Amesbury,870,1062,1271,1515,1207,2018
Cabbagetown-South St. James Town,995,1397,1885,,1419,2018
Caledon,,,,,,2018
Caledonia-Fairbank,882,1071,1389,,1197,2018
Casa Loma,1181,1486,2096,3284,1838,2018
Churchill Meadows/Erin Mills,887,1121,1285,1774,1451,2018
Church-Yonge Corridor,1280,1597,2086,,1617,2018
Clairlea-Birchmount,955,1056,1284,1517,1144,2018
Clanton Park,867,1080,1296,,1172,2018
Clarkson/Lorne Park,980,1212,1304,1369,1275,2018
Cliffcrest,,1160,1265,1424,1238,2018
Cooksville,869,1225,1414,1611,1329,2018
Crescent Town,878,1096,1341,1558,1179,2018
Danforth Village-East York,805,1080,1248,,1126,2018
Don Valley Village/Pleasant View,988,1219,1384,1590,1392,2018
Dorset Park,889,1015,1139,1367,1131,2018
Dovercourt/Davenport/Junction,,1024,1312,,1196,2018
Downsview,876,1079,1266,1459,1212,2018
Dufferin Grove/Little Portugal,888,1239,,,1192,2018
East End-Danforth,988,1503,1738,,1553,2018
East Gwillimbury/Newmarket,759,1161,1286,,1198,2018
Edenbridge-Humber Valley,,1189,1330,1832,1346,2018
Eglinton East,1109,1088,1227,1368,1209,2018
Elms-Old Rexdale,,,1305,1513,1352,2018
Englemount-Lawrence,998,1063,1320,1734,1300,2018
Eringate-Centennial-West Deane,,,,,,2018
Etobicoke West Mall,,1161,1389,1593,1373,2018
Flemingdon Park,,1145,1308,1496,1255,2018
Forest Hill North,1027,1280,1682,2233,1479,2018
Forest Hill South,1100,1339,1762,,1435,2018
Georgina,,830,1008,,969,2018
Guildwood,,,,1819,1430,2018
Henry Farm,,1388,1716,1798,1625,2018
High Park North/Junction,1135,1459,1820,2467,1559,2018
High Park-Swansea,,1216,1570,,1302,2018
Humber Heights-Westmount,,1309,1405,1555,1397,2018
Humewood-Cedarvale,1013,1454,2156,,1673,2018
Ionview,913,1069,1207,1378,1149,2018
Islington/City Centre North,1420,1409,1567,1662,1508,2018
Islington/City Centre South,1136,1196,1406,1496,1326,2018
Keelesdale-Eglinton West,,910,945,,912,2018
Kennedy Park,719,1132,1247,1420,1204,2018
Kensington-Chinatown,,,,,,2018
Kingsview Village-The Westway,,1153,1337,1496,1304,2018
Kingsway South,,,,,,2018
Lambton Baby Point,759,1173,1165,,1161,2018
L'Amoreaux/Steeles/Milliken,,1136,1327,1456,1259,2018
Lansing-Westgate,,1470,1673,1776,1587,2018
Lawrence Park North,1127,1256,1546,,1356,2018
Lawrence Park South,1084,1354,2049,,1437,2018
Leaside-Bennington,1066,1268,1686,,1359,2018
Little Italy/Trinity-Bellwoods,,,,,1156,2018
Long Branch,728,972,1153,,1041,2018
Malton,,917,1181,1247,1150,2018
Maple Leaf,724,1028,1196,,1138,2018
Markham,,1213,1408,1538,1337,2018
Meadowvale,,1415,1597,1651,1548,2018
Milton/Halton Hills,767,1084,1228,1620,1180,2018
Mimico,902,1009,1251,,1104,2018
Mississauga Centre/Streetsville,947,1259,1438,1670,1417,2018
Moore Park,1164,1812,2151,,1910,2018
Morningside,,1058,1175,1420,1152,2018
Moss Park/Regent Park,975,1282,1647,1828,1285,2018
Mount Dennis,971,1263,1314,,1298,2018
Mount Olive-Silverstone-Jamestown/Thistletown,,1201,1292,1470,1347,2018
Mount Pleasant East,1087,1485,1956,,1624,2018
Mount Pleasant West,1224,1431,1814,2486,1497,2018
New Toronto,805,999,1153,,1046,2018
North St. James Town,1082,1260,1439,,1279,2018
Oakridge,,,,,,2018
Oakville (excl. Bronte),1050,1295,1475,1715,1442,2018
Oakwood-Vaughan,863,1087,1360,,1170,2018
O'Connor-Parkview,880,1052,1253,1505,1172,2018
Old East York,854,1111,1236,,1123,2018
Orangeville/Mono,901,1059,1171,1106,1113,2018
Parkwoods-Donalda,899,1199,,1652,1672,2018
Playter Estates-Danforth,973,1239,1589,,1275,2018
Port Credit,908,1132,1313,1648,1239,2018
Princess-Rosethorn,,,,,,2018
Rexdale-Kipling,743,963,1105,1287,1115,2018
Richmond Hill/Vaughan/King,1020,1145,1373,1591,1289,2018
Riverdale,853,1189,1393,,1199,2018
Rockcliffe-Smythe,890,1068,1268,,1159,2018
Roncesvalles,942,1103,1465,,1186,2018
Rosedale,,,,,,2018
Rouge,,,1163,1305,1162,2018
Rustic/Pelmo Park/Humberlea,,1019,1135,,1099,2018
Scarborough Village,931,1126,1253,1453,1241,2018
South Parkdale/King West,925,1102,1281,,1087,2018
St. Andrew-Windfields,905,1287,1491,1735,1463,2018
Stonegate-Queensway,906,1052,1176,1479,1112,2018
Tam O'Shanter-Sullivan,925,1120,1273,1482,1233,2018
The Beaches,898,1241,1335,,1241,2018
Thorncliffe Park,861,1128,1408,1811,1317,2018
University/Annex,1171,1430,1956,,1506,2018
Uxbridge,,,,,,2018
Victoria Village,891,1124,1318,1586,1225,2018
Waterfront Communities -The Island,,1841,2256,,1983,2018
West Hill,1033,1053,1160,1413,1192,2018
West Humber-Clairville,858,1034,1170,1617,1250,2018
Westminster-Branson,1023,1301,1504,1666,1468,2018
Weston,826,1080,1262,1441,1156,2018
Wexford-Maryvale,922,1060,1204,1321,1128,2018
Whitchurch/Stouffville,,,,,,2018
Willowdale East/Newtonbrook East,,1465,1861,2223,1691,2018
Willowdale West/Newtonbrook West,,1292,1492,1696,1419,2018
Willowridge-Martingrove-Richview,,1158,1558,1782,1521,2018
Woburn,916,1098,1231,1336,1201,2018
Woodbine Corridor/Greenwood-Coxwell,810,1201,,,1116,2018
Woodbine-Lumsden,,1116,,,1239,2018
Wychwood,,1196,,,,2018
Yonge-Eglinton,1088,1394,1795,,1429,2018
Yonge-St. Clair,1180,1412,1966,,1626,2018
Yorkdale-Glen Park,,1100,1276,1518,1215,2018
Toronto,1081,1261,1468,1647,1370,2018
Agincourt/Malvern,,1234,1397,1414,1352,2019
Ajax/Pickering,,982,1237,1489,1318,2019
Alderwood,,1193,1357,,1320,2019
Aurora,,1171,1371,,1338,2019
Banbury-Don Mills/York Mills,836,1266,1432,1763,1382,2019
Bathurst Manor,888,1329,1427,1599,1427,2019
Bay Street Corridor,1751,2197,3047,3571,2382,2019
Bayview Village,,1504,1793,,1831,2019
Bayview Woods-Steeles/Hillcrest Village,,,,,,2019
Bedford Park-Nortown,1000,1188,1511,2039,1354,2019
Beechborough-Greenbrook,882,1025,1243,,1124,2019
Bendale,1076,1341,1419,1576,1445,2019
Birchcliffe-Cliffside,954,1307,1517,,1398,2019
Black Creek,1089,1156,1355,1596,1348,2019
Bradford/West Gwillimbury/New Tecumseth,1087,1111,1268,1533,1235,2019
Brampton (East),,1437,1540,1585,1518,2019
Brampton (West),902,1186,1367,1581,1315,2019
Briar Hill-Belgravia,899,1310,1498,1878,1406,2019
Broadview North,1049,1254,1473,,1295,2019
Bronte,,1495,1729,,1644,2019
Brookhaven-Amesbury,889,1178,1448,2060,1406,2019
Cabbagetown-South St. James Town,1045,1486,1998,,1530,2019
Caledon,,,,,,2019
Caledonia-Fairbank,895,1096,1375,,1217,2019
Casa Loma,1259,1588,2215,3598,1966,2019
Churchill Meadows/Erin Mills,,1436,1538,1843,1604,2019
Church-Yonge Corridor,1313,1692,2118,,1672,2019
Clairlea-Birchmount,1017,1125,1324,,1174,2019
Clanton Park,980,1173,1370,,1246,2019
Clarkson/Lorne Park,1035,1279,1404,1483,1366,2019
Cliffcrest,,1179,1282,1514,1262,2019
Cooksville,987,1237,1421,1484,1335,2019
Crescent Town,951,1149,1371,1620,1236,2019
Danforth Village-East York,792,1136,1277,,1176,2019
Don Valley Village/Pleasant View,992,1417,1545,1644,1532,2019
Dorset Park,,1266,1506,,1430,2019
Dovercourt/Davenport/Junction,973,1161,1466,,1325,2019
Downsview,944,1143,1346,1511,1281,2019
Dufferin Grove/Little Portugal,1030,1423,,,1353,2019
East End-Danforth,1008,1325,1542,,1371,2019
East Gwillimbury/Newmarket,798,1343,1403,,1355,2019
Edenbridge-Humber Valley,,1323,1489,,1445,2019
Eglinton East,1283,1216,1370,1480,1349,2019
Elms-Old Rexdale,,,1466,1760,1548,2019
Englemount-Lawrence,909,1130,1320,1611,1269,2019
Eringate-Centennial-West Deane,,,1260,,1283,2019
Etobicoke West Mall,,1415,1664,1889,1653,2019
Flemingdon Park,,1189,1326,1589,1297,2019
Forest Hill North,1119,1354,1714,2058,1546,2019
Forest Hill South,1280,1508,1888,,1619,2019
Georgina,,865,1164,1369,1181,2019
Guildwood,,1285,1434,1739,1417,2019
Henry Farm,,1454,1737,1837,1666,2019
High Park North/Junction,1215,1550,2005,2942,1678,2019
High Park-Swansea,,1254,1860,,1313,2019
Humber Heights-Westmount,,,1569,,1522,2019
Humewood-Cedarvale,1060,1527,2175,3034,1727,2019
Ionview,941,1182,1369,1555,1288,2019
Islington/City Centre North,1576,1578,1712,1870,1671,2019
Islington/City Centre South,1097,1162,1424,,1320,2019
Keelesdale-Eglinton West,,974,1055,,991,2019
Kennedy Park,755,1048,1258,,1182,2019
Kensington-Chinatown,1202,1437,1907,,1539,2019
Kingsview Village-The Westway,,1354,1587,1914,1572,2019
Kingsway South,,1525,1901,,1731,2019
Lambton Baby Point,768,1169,1620,,1333,2019
L'Amoreaux/Steeles/Milliken,,1204,1359,1499,1324,2019
Lansing-Westgate,,1473,1607,1659,1549,2019
Lawrence Park North,1252,1302,1616,,1424,2019
Lawrence Park South,1123,1380,1933,,1483,2019
Leaside-Bennington,1178,1414,1994,,1547,2019
Little Italy/Trinity-Bellwoods,,,,,1340,2019
Long Branch,,1062,1209,1408,1126,2019
Malton,,928,1381,1393,1340,2019
Maple Leaf,,1252,1301,,1292,2019
Markham,1029,1373,1544,1639,1483,2019
Meadowvale,,1470,1639,1686,1590,2019
Milton/Halton Hills,834,1117,1293,1665,1239,2019
Mimico,973,1272,1393,1674,1260,2019
Mississauga Centre/Streetsville,955,1325,1482,1727,1466,2019
Moore Park,1531,1730,2418,,1939,2019
Morningside,882,1194,1311,1498,1288,2019
Moss Park/Regent Park,978,1326,1758,2046,1314,2019
Mount Dennis,1035,1251,1274,,1271,2019
Mount Olive-Silverstone-Jamestown/Thistletown,,1249,1312,1422,1342,2019
Mount Pleasant East,1220,1523,1981,,1651,2019
Mount Pleasant West,1283,1560,1978,2437,1610,2019
New Toronto,716,1036,1213,,1048,2019
North St. James Town,1079,,,,,2019
Oakridge,,1354,1665,,1427,2019
Oakville (excl. Bronte),1119,1358,1564,1972,1546,2019
Oakwood-Vaughan,994,1275,1603,,1328,2019
O'Connor-Parkview,874,1144,1397,1840,1306,2019
Old East York,909,1099,1330,,1164,2019
Orangeville/Mono,,1031,1275,1188,1160,2019
Parkwoods-Donalda,1115,1342,1541,1708,1530,2019
Playter Estates-Danforth,932,1278,1623,,1272,2019
Port Credit,1018,1208,1402,1643,1318,2019
Princess-Rosethorn,,,,,,2019
Rexdale-Kipling,734,968,1145,1385,1170,2019
Richmond Hill/Vaughan/King,1011,1211,1439,1617,1345,2019
Riverdale,,1320,,,1301,2019
Rockcliffe-Smythe,863,1015,1171,1394,1096,2019
Roncesvalles,913,1104,1426,,1185,2019
Rosedale,,1536,2118,,1846,2019
Rouge,,,1320,1503,1334,2019
Rustic/Pelmo Park/Humberlea,,,,,,2019
Scarborough Village,,1297,1439,1629,1426,2019
South Parkdale/King West,964,1212,1423,,1194,2019
St. Andrew-Windfields,1011,1357,1571,1805,1537,2019
Stonegate-Queensway,,1229,1378,,1314,2019
Tam O'Shanter-Sullivan,1063,1183,1351,1538,1304,2019
The Beaches,916,1251,1563,,1318,2019
Thorncliffe Park,982,1170,1470,1820,1367,2019
University/Annex,1264,1680,2198,,1698,2019
Uxbridge,,1102,1505,,1293,2019
Victoria Village,1068,1242,1477,1854,1371,2019
Waterfront Communities -The Island,,2023,2920,,2398,2019
West Hill,,1168,1286,1341,1268,2019
West Humber-Clairville,896,1183,1277,1681,1358,2019
Westminster-Branson,1069,1351,1540,1697,1503,2019
Weston,1062,1283,1417,1603,1342,2019
Wexford-Maryvale,1028,1151,1341,1510,1252,2019
Whitchurch/Stouffville,,,1222,,1197,2019
Willowdale East/Newtonbrook East,,1539,1916,2260,1739,2019
Willowdale West/Newtonbrook West,1132,1397,1583,1792,1512,2019
Willowridge-Martingrove-Richview,,1443,1878,2082,1855,2019
Woburn,1004,1229,1397,1448,1349,2019
Woodbine Corridor/Greenwood-Coxwell,849,1177,1427,,1107,2019
Woodbine-Lumsden,,,,,,2019
Wychwood,,1231,,,1240,2019
Yonge-Eglinton,1230,1503,2035,,1560,2019
Yonge-St. Clair,1211,1504,2058,,1743,2019
Yorkdale-Glen Park,,1147,1426,1572,1306,2019
Toronto,1142,1361,1563,1730,1465,2019
Agincourt/Malvern,,1237,1395,1589,1408,2020
Ajax/Pickering,,1198,1362,1506,1412,2020
Alderwood,,1238,1451,,1409,2020
Aurora,,1296,1543,,1492,2020
Banbury-Don Mills/York Mills,933,1465,1701,2018,1629,2020
Bathurst Manor,,1379,1496,1645,1483,2020
Bay Street Corridor,1711,2196,3288,,2483,2020
Bayview Village,,1579,1821,,1830,2020
Bayview Woods-Steeles/Hillcrest Village,,,,,,2020
Bedford Park-Nortown,1037,1246,1655,2137,1429,2020
Beechborough-Greenbrook,1146,1072,1331,,1206,2020
Bendale,1195,1243,1356,1482,1373,2020
Birchcliffe-Cliffside,976,1393,1558,,1466,2020
Black Creek,1091,1281,1433,1647,1421,2020
Bradford/West Gwillimbury/New Tecumseth,962,1003,1197,1493,1128,2020
Brampton (East),,1459,1591,1656,1562,2020
Brampton (West),966,1262,1447,1642,1389,2020
Briar Hill-Belgravia,1030,1428,1509,,1480,2020
Broadview North,1098,1398,1558,,1422,2020
Bronte,,1568,1802,,1718,2020
Brookhaven-Amesbury,945,1332,1491,,1440,2020
Cabbagetown-South St. James Town,1040,1476,2054,,1541,2020
Caledon,,,,,,2020
Caledonia-Fairbank,906,1130,1325,,1206,2020
Casa Loma,1330,1609,2301,3837,2005,2020
Churchill Meadows/Erin Mills,1385,1558,1708,1969,1749,2020
Church-Yonge Corridor,1409,1692,2129,,1691,2020
Clairlea-Birchmount,,1167,1339,,1219,2020
Clanton Park,1088,1383,1554,,1454,2020
Clarkson/Lorne Park,1014,1298,1421,1556,1390,2020
Cliffcrest,,1314,1482,1652,1434,2020
Cooksville,984,1374,1581,1722,1495,2020
Crescent Town,1010,1232,1466,1717,1326,2020
Danforth Village-East York,955,1257,1395,,1296,2020
Don Valley Village/Pleasant View,1075,1442,1579,1720,1567,2020
Dorset Park,,1476,1683,2055,1628,2020
Dovercourt/Davenport/Junction,,1106,1523,,1354,2020
Downsview,930,1192,1353,1543,1303,2020
Dufferin Grove/Little Portugal,,1326,1738,,1380,2020
East End-Danforth,1135,1378,1527,,1407,2020
East Gwillimbury/Newmarket,757,1378,1482,,1391,2020
Edenbridge-Humber Valley,,1519,1833,2483,1842,2020
Eglinton East,1291,1197,1383,1723,1397,2020
Elms-Old Rexdale,,1460,1839,2223,1871,2020
Englemount-Lawrence,1013,1242,1485,1809,1407,2020
Eringate-Centennial-West Deane,,,1534,,1513,2020
Etobicoke West Mall,,1431,1681,1928,1669,2020
Flemingdon Park,,1361,1525,1640,1474,2020
Forest Hill North,1199,1468,1714,2169,1613,2020
Forest Hill South,1150,1463,1880,,1598,2020
Georgina,,834,1095,,1211,2020
Guildwood,,,,1948,1511,2020
Henry Farm,,1491,1849,1939,1733,2020
High Park North/Junction,1191,1531,1996,2740,1613,2020
High Park-Swansea,,1315,,,1212,2020
Humber Heights-Westmount,,1513,1701,1793,1657,2020
Humewood-Cedarvale,1097,1530,2319,,1822,2020
Ionview,1044,1312,1481,1582,1398,2020
Islington/City Centre North,1424,1525,1732,1907,1658,2020
Islington/City Centre South,1179,,1530,,1465,2020
Keelesdale-Eglinton West,,,1202,,,2020
Kennedy Park,809,1256,1514,1521,1383,2020
Kensington-Chinatown,,1513,,,1527,2020
Kingsview Village-The Westway,,1298,1494,1746,1482,2020
Kingsway South,,,,,,2020
Lambton Baby Point,835,,,,,2020
L'Amoreaux/Steeles/Milliken,,1251,1407,1598,1365,2020
Lansing-Westgate,1130,1491,1679,1875,1613,2020
Lawrence Park North,1293,1468,1830,,1562,2020
Lawrence Park South,1185,1456,2092,,1587,2020
Leaside-Bennington,1045,1359,1926,,1520,2020
Little Italy/Trinity-Bellwoods,808,,,,1386,2020
Long Branch,1068,1143,1212,,1171,2020
Malton,,1245,1469,1463,1457,2020
Maple Leaf,,1279,1400,,1376,2020
Markham,,1439,1600,1668,1541,2020
Meadowvale,,1540,1700,1745,1655,2020
Milton/Halton Hills,835,1172,1343,1625,1287,2020
Mimico,1104,1344,1570,,1376,2020
Mississauga Centre/Streetsville,1055,1399,1568,1816,1544,2020
Moore Park,1416,1724,2472,3233,1911,2020
Morningside,1282,1318,1409,1596,1400,2020
Moss Park/Regent Park,1112,1424,1657,,1430,2020
Mount Dennis,1005,1344,1412,,1384,2020
Mount Olive-Silverstone-Jamestown/Thistletown,,1463,1563,1725,1597,2020
Mount Pleasant East,1225,1498,2015,2296,1621,2020
Mount Pleasant West,1346,1626,2080,2505,1695,2020
New Toronto,938,1212,1398,,1274,2020
North St. James Town,1281,1515,,,,2020
Oakridge,1180,1314,1533,,1365,2020
Oakville (excl. Bronte),1178,1441,1732,2063,1689,2020
Oakwood-Vaughan,1072,1466,1747,,1464,2020
O'Connor-Parkview,1007,1194,1383,1629,1323,2020
Old East York,1114,1327,1502,,1390,2020
Orangeville/Mono,,1117,1468,,1274,2020
Parkwoods-Donalda,1305,1434,1627,1865,1630,2020
Playter Estates-Danforth,1159,1380,1676,,1414,2020
Port Credit,970,1310,1467,,1393,2020
Princess-Rosethorn,,,,,,2020
Rexdale-Kipling,1071,1021,1130,1366,1181,2020
Richmond Hill/Vaughan/King,1109,1383,1591,1842,1500,2020
Riverdale,,1380,1780,,1363,2020
Rockcliffe-Smythe,1004,1248,1440,1605,1345,2020
Roncesvalles,1036,1255,,,1241,2020
Rosedale,,1532,,,,2020
Rouge,,,,,,2020
Rustic/Pelmo Park/Humberlea,,,,,,2020
Scarborough Village,,1381,1509,1584,1478,2020
South Parkdale/King West,1038,1343,1639,,1343,2020
St. Andrew-Windfields,1062,1419,1646,1886,1605,2020
Stonegate-Queensway,912,1258,1517,,1421,2020
Tam O'Shanter-Sullivan,1121,1258,1378,1568,1354,2020
The Beaches,974,1232,1732,2179,1386,2020
Thorncliffe Park,1258,1276,1603,1989,1492,2020
University/Annex,1344,1605,2207,2952,1696,2020
Uxbridge,,1174,1398,,1285,2020
Victoria Village,1023,1317,1578,2184,1464,2020
Waterfront Communities -The Island,,1975,2826,,2334,2020
West Hill,,1403,1488,1585,1477,2020
West Humber-Clairville,907,1114,1389,1956,1494,2020
Westminster-Branson,1126,1410,1614,1807,1587,2020
Weston,1032,1286,1517,1894,1371,2020
Wexford-Maryvale,1117,1237,1380,1442,1304,2020
Whitchurch/Stouffville,,,,,,2020
Willowdale East/Newtonbrook East,,1597,1867,,1688,2020
Willowdale West/Newtonbrook West,,1518,1738,1986,1655,2020
Willowridge-Martingrove-Richview,,1629,2000,2069,1961,2020
Woburn,1003,1261,1415,1525,1385,2020
Woodbine Corridor/Greenwood-Coxwell,741,1098,1373,,1083,2020
Woodbine-Lumsden,1082,,,,,2020
Wychwood,,,,,,2020
Yonge-Eglinton,1304,1550,1900,,1585,2020
Yonge-St. Clair,1315,,1888,3093,1911,2020
Yorkdale-Glen Park,,1209,1409,1457,1321,2020
Toronto,1204,1421,1637,1854,1536,2020
Agincourt/Malvern,,1268,1435,1729,1485,2021
Ajax/Pickering,,965,1302,1563,1394,2021
Alderwood,,,1536,,1505,2021
Aurora,,1326,1668,,1586,2021
Banbury-Don Mills/York Mills,874,1404,1655,1969,1578,2021
Bathurst Manor,,1341,1520,1607,1475,2021
Bay Street Corridor,1650,2182,3327,5212,2500,2021
Bayview Village,,1530,1856,,1855,2021
Bayview Woods-Steeles/Hillcrest Village,,1900,2360,2775,2388,2021
Bedford Park-Nortown,983,1246,1643,2081,1413,2021
Beechborough-Greenbrook,,1066,1128,,1098,2021
Bendale,,1141,1241,1317,1249,2021
Birchcliffe-Cliffside,,1466,1676,,1567,2021
Black Creek,1018,1178,1422,1562,1384,2021
Bradford/West Gwillimbury/New Tecumseth,1083,1027,1274,,1190,2021
Brampton (East),1237,1501,1654,1741,1616,2021
Brampton (West),872,1309,1494,1721,1431,2021
Briar Hill-Belgravia,1021,1317,1506,1968,1447,2021
Broadview North,1071,1338,1584,2359,1385,2021
Bronte,,1569,1807,2009,1720,2021
Brookhaven-Amesbury,1071,1248,1484,1981,1426,2021
Cabbagetown-South St. James Town,1184,1458,1832,,1474,2021
Caledon,,,,,,2021
Caledonia-Fairbank,,1203,1389,,1279,2021
Casa Loma,1254,1773,2352,,2102,2021
Churchill Meadows/Erin Mills,1258,1514,1594,1944,1681,2021
Church-Yonge Corridor,1375,1648,2118,,1670,2021
Clairlea-Birchmount,,1270,1466,,1339,2021
Clanton Park,,1488,1683,,1564,2021
Clarkson/Lorne Park,1020,1378,1514,1489,1449,2021
Cliffcrest,,1183,1358,1665,1311,2021
Cooksville,1160,1488,1677,1832,1594,2021
Crescent Town,1013,1216,1458,1759,1320,2021
Danforth Village-East York,1121,1277,1462,,1329,2021
Don Valley Village/Pleasant View,,1375,1539,1759,1534,2021
Dorset Park,1089,1524,1801,2192,1733,2021
Dovercourt/Davenport/Junction,1243,1417,1629,,1514,2021
Downsview,996,1246,1417,1627,1375,2021
Dufferin Grove/Little Portugal,1343,1407,1795,,1474,2021
East End-Danforth,1072,1366,1534,,1368,2021
East Gwillimbury/Newmarket,754,1273,1370,,1276,2021
Edenbridge-Humber Valley,973,1610,1908,2437,1873,2021
Eglinton East,1008,1259,1390,1816,1430,2021
Elms-Old Rexdale,,,,2031,1835,2021
Englemount-Lawrence,1113,1301,1488,1861,1460,2021
Eringate-Centennial-West Deane,,1459,1568,,1538,2021
Etobicoke West Mall,,1432,1672,1904,1663,2021
Flemingdon Park,,1291,1429,1702,1422,2021
Forest Hill North,1264,1461,1811,2255,1661,2021
Forest Hill South,1122,1413,1965,,1647,2021
Georgina,,,,,,2021
Guildwood,,,,,,2021
Henry Farm,,1529,2005,2402,1854,2021
High Park North/Junction,1268,1623,2172,2899,1786,2021
High Park-Swansea,,1457,,,1513,2021
Humber Heights-Westmount,,,,,,2021
Humewood-Cedarvale,1195,1535,2414,,1835,2021
Ionview,1209,1373,1560,1717,1471,2021
Islington/City Centre North,1381,1529,1686,1886,1641,2021
Islington/City Centre South,1120,,1631,,1604,2021
Keelesdale-Eglinton West,,,1217,,1206,2021
Kennedy Park,899,1151,1229,,1185,2021
Kensington-Chinatown,,,,,,2021
Kingsview Village-The Westway,,1367,1521,1734,1515,2021
Kingsway South,,,,,,2021
Lambton Baby Point,951,1219,,,1232,2021
L'Amoreaux/Steeles/Milliken,,1293,1454,1629,1397,2021
Lansing-Westgate,,1540,1734,1915,1664,2021
Lawrence Park North,1246,1376,1759,,1477,2021
Lawrence Park South,1251,1574,2105,,1650,2021
Leaside-Bennington,1203,1394,1824,,1485,2021
Little Italy/Trinity-Bellwoods,788,,,,,2021
Long Branch,,1173,1177,,1173,2021
Malton,,1280,1516,1535,1471,2021
Maple Leaf,,1396,1592,2275,1547,2021
Markham,,1421,1547,1727,1503,2021
Meadowvale,,1554,1734,1831,1685,2021
Milton/Halton Hills,844,1211,1385,1638,1327,2021
Mimico,1123,1311,1425,1963,1332,2021
Mississauga Centre/Streetsville,1077,1424,1621,1904,1604,2021
Moore Park,1240,1798,2679,,1988,2021
Morningside,1328,1269,1380,1570,1363,2021
Moss Park/Regent Park,1140,1470,1999,1912,1422,2021
Mount Dennis,1036,1296,1344,,1330,2021
Mount Olive-Silverstone-Jamestown/Thistletown,980,1528,1553,1645,1576,2021
Mount Pleasant East,1231,1551,1945,,1619,2021
Mount Pleasant West,1348,1646,2120,2546,1712,2021
New Toronto,973,1251,1462,,1306,2021
North St. James Town,1198,1489,,,,2021
Oakridge,1199,1386,1725,,1521,2021
Oakville (excl. Bronte),1229,1471,1799,1958,1712,2021
Oakwood-Vaughan,978,1258,1603,,1313,2021
O'Connor-Parkview,1064,1185,1408,1636,1327,2021
Old East York,1178,1134,,,1156,2021
Orangeville/Mono,,1182,1400,1529,1301,2021
Parkwoods-Donalda,1282,1456,1680,1959,1668,2021
Playter Estates-Danforth,,1315,,,1324,2021
Port Credit,1124,1331,1509,1783,1425,2021
Princess-Rosethorn,,,,,,2021
Rexdale-Kipling,1009,1122,1315,1347,1264,2021
Richmond Hill/Vaughan/King,1180,1341,1538,1960,1473,2021
Riverdale,1208,1415,1779,,1473,2021
Rockcliffe-Smythe,997,1147,1358,,1238,2021
Roncesvalles,,1320,1696,,1417,2021
Rosedale,,1934,2712,,,2021
Rouge,,,1358,1565,1374,2021
Rustic/Pelmo Park/Humberlea,,,,,,2021
Scarborough Village,,1292,1433,1654,1427,2021
South Parkdale/King West,1053,1300,1561,,1309,2021
St. Andrew-Windfields,1068,1384,1644,1887,1606,2021
Stonegate-Queensway,1128,1311,1517,,1420,2021
Tam O'Shanter-Sullivan,1133,1329,1472,1699,1444,2021
The Beaches,1114,1355,1769,,1449,2021
Thorncliffe Park,1114,1288,1598,1963,1493,2021
University/Annex,1327,1633,2174,,1703,2021
Uxbridge,,1249,1501,,1394,2021
Victoria Village,1035,1303,1539,2019,1436,2021
Waterfront Communities -The Island,,1951,2393,,2087,2021
West Hill,,1348,1419,1581,1416,2021
West Humber-Clairville,930,1307,1434,,1618,2021
Westminster-Branson,1158,1454,1654,1838,1633,2021
Weston,1066,1319,1467,1854,1391,2021
Wexford-Maryvale,1136,1223,1410,1546,1325,2021
Whitchurch/Stouffville,,,,,,2021
Willowdale East/Newtonbrook East,,1592,2006,2405,1821,2021
Willowdale West/Newtonbrook West,1185,1429,1679,1900,1587,2021
Willowridge-Martingrove-Richview,,1564,1960,2142,1953,2021
Woburn,1059,1306,1468,1593,1435,2021
Woodbine Corridor/Greenwood-Coxwell,1006,1455,1483,,1383,2021
Woodbine-Lumsden,,1228,,,1316,2021
Wychwood,1017,1135,,,,2021
Yonge-Eglinton,1213,1461,1814,,1519,2021
Yonge-St. Clair,1398,1641,2155,,1803,2021
Yorkdale-Glen Park,,1231,1494,1575,1371,2021
Toronto,1217,1439,1680,1918,1570,2021
